Назва_Характеристики;Одиниця_виміру_Характеристики;Значення_Характеристики;Назва_Характеристики;Одиниця_виміру_Характеристики;Значення_Характеристики;Назва_Характеристики;Одиниця_виміру_Характеристики;Значення_Характеристики;Назва_Характеристики;Одиниця_виміру_Характеристики;Значення_Характеристики;Назва_Характеристики;Одиниця_виміру_Характеристики;Значення_Характеристики;Назва_Характеристики;Одиниця_виміру_Характеристики;Значення_Характеристики;Назва_Характеристики;Одиниця_виміру_Характеристики;Значення_Характеристики;Назва_Характеристики;Одиниця_виміру_Характеристики;Значення_Характеристики;Назва_Характеристики;Одиниця_виміру_Характеристики;Значення_Характеристики;Назва_Характеристики;Одиниця_виміру_Характеристики;Значення_Характеристики;Назва_Характеристики;Одиниця_виміру_Характеристики;Значення_Характеристики;Назва_Характеристики;Одиниця_виміру_Характеристики;Значення_Характеристики;Назва_Характеристики;Одиниця_виміру_Характеристики;Значення_Характеристики;Назва_Характеристики;Одиниця_виміру_Характеристики;Значення_Характеристики;Назва_Характеристики;Одиниця_виміру_Характеристики;Значення_Характеристики;Назва_Характеристики;Одиниця_виміру_Характеристики;Значення_Характеристики;Назва_Характеристики;Одиниця_виміру_Характеристики;Значення_Характеристики;Назва_Характеристики;Одиниця_виміру_Характеристики;Значення_Характеристики;Назва_Характеристики;Одиниця_виміру_Характеристики;Значення_Характеристики;Назва_Характеристики;Одиниця_виміру_Характеристики;Значення_Характеристики;Назва_Характеристики;Одиниця_виміру_Характеристики;Значення_Характеристики;Назва_Характеристики;Одиниця_виміру_Характеристики;Значення_Характеристики
Тип;;UTP CAT5e;Оболонка;;Полівінілхлорид (PVC);Довжина кабеля;;305 м;Матеріал жили (провідника);;мідь;Кількість жил;;8;Переріз;;0.5 мм;Кількість в ящику;;2 шт;Розмір упаковки (Ш х В х Г);;210 x 360 x 360 мм;Вага брутто;;9.2 кг;;;;;;;;;;;;;;;;;;;;;;;;;;;;;;;;;;;;;;;
Тип;;U / UTP CAT5E-4P- PVC-CM;Стандарти;;"ISO / IEC11801, TIA-568-C.2 YD / T1019";Розмір;;305 ± 1.5 м;Основний провідник;;"Безкиснева мідь, діаметр: 0.500 ± 0.005мм";Ізоляція дроту;;"Поліетилен високої міцності, 0.88 ± 0.03мм";Маркування кабелю;;"Висота символів: 3.0 ± 0.3мм, колір символів: чорний, помилка друку і пробіл: ≤ ± 0.5%, 1 м";Зовнішній вигляд;;"Товщина: 0.50 ± 0.05мм, Зовнішній діаметр: 5.0 ± 0.4мм, Маіеріал: ПВХ, СМ";Колір проводу;;"1-я пара: біло-синій / синій, 2-я пара: біло-помаранчевий / помаранчевий, 3-тя пара: біло-зелений / зелений, 4-я пара: біло-коричневий / коричневий";Опір;;100 ± 15 Ом (1.0-100.0 МГц);Налагодження;;≤45ns / 100м (1.0-100.0Мгц);Опір постійного струму;;макс. 9.5Ом / 100м;Незбалансований опір постійного струму;;макс. 5%;Фізичні властивості оболонки (до зносу);;"Межа міцності ≥13.5Mpa, відносне подовження: ≥150%";Знос;;100 ° Cx24чx7д;Фізичні властивості оболонки (після зносу);;"Межа міцності ≥12.5Mpa, відносне подовження: ≥125%";Холодний вигин;;"-20 ± 2 ° Cx4ч, 8 × Cable O.D., без видимих ​​пошкоджень";Робоча температура;;-20 ℃ - 75 ℃;Ріпкорд;;є;Вага;;10 кг;Кількість в ящику;;2 шт;Розмір упаковки (Ш х В х Г);;200 x 360 x 360 мм;Вага брутто;;10.4 кг
Тип;;U / UTP CAT5E-PE;Стандарти;;ANSI / TIA-568-C.2;Розмір;;305 ± 0.5 м;Основний провідник;;"Безкиснева мідь, діаметр: 0.50 +\- мм";Ізоляція дроту;;"Поліетилен високої міцності, 0.85 +\- мм";Маркування кабелю;;"Висота символів: 3.0 ± 0.3мм, колір символів: чорний, помилка друку і пробіл: ≤ ± 0.5%, 1 м";Зовнішній вигляд;;"Товщина: 0.55 ± 0.03мм, Зовнішній діаметр: 5.0 ± 0.3мм, Матеріал: ПВХ, СМ";Колір проводу;;"1-я пара: біло-синій / синій, 2-я пара: біло-помаранчевий / помаранчевий, 3-тя пара: біло-зелений / зелений, 4-я пара: біло-коричневий / коричневий";Опір;;100 ± 15 Ом (1.0-100.0 МГц);Налагодження;;≤552ns / 100м (1.0-100.0Мгц);Опір постійного струму;;макс. 9.5Ом / 100м;Незбалансований опір постійного струму;;макс. 2%;Фізичні властивості оболонки (до зносу);;"Межа міцності ≥10Mpa, відносне подовження: ≥300%";Знос;;100 ° Cx24чx10д;Фізичні властивості оболонки (після зносу);;"Межа міцності ≥12.5Mpa, відносне подовження: ≥125%";Холодний вигин;;"-20 ± 2 ° Cx4ч, 8 × Cable O.D., без видимих ​​пошкоджень";Робоча температура;;-20 ℃ - 60 ℃;Ріпкорд;;є;Кількість в ящику;;2 шт;Розмір упаковки (Ш х В х Г);;350 x 200 x 350 мм;Вага брутто;;8.14 кг;;;
Тип;;Cat 5e U/UTP PE;Екранування;;відсутнє;Оболонка;;"світлостабілізований поліетилен RAL 9011 чорний, 80 °C";Довжина кабеля;;305 м;Матеріал жили (провідника);;мідь;Монтаж;;зовні приміщення;Кількість в ящику;;1 шт;Розмір упаковки (Ш х В х Г);;400 x 200 x 440 мм;Вага брутто;;8.68 кг;;;;;;;;;;;;;;;;;;;;;;;;;;;;;;;;;;;;;;;
Тип;;Cat. 5e U/UTP 4х2х24 AWG;Довжина кабеля;;305 м;Монтаж;;"при стаціонарній (нерухомій) прокладці: 4 діаметри кабелю, при прокладці, монтажі та експлуатаційних вигинах: 8 діаметрів кабелю";Кількість жил;;8;Кількість в ящику;;1 шт;Розмір упаковки (Ш х В х Г);;380 x 200 x 385 мм;Вага брутто;;9.22 кг;;;;;;;;;;;;;;;;;;;;;;;;;;;;;;;;;;;;;;;;;;;;;
Тип;;U/UTP Cat6;Центральний провідник;;Алюміній-Мідь (CCA);Оболонка;;PVC;Довжина кабеля;;305 м;Кількість жил;;8;Переріз;;0.57 мм2 23AWG;Кількість в ящику;;2 шт;Розмір упаковки (Ш х В х Г);;240 x 400 x 400 мм;Вага брутто;;10.3 кг;;;;;;;;;;;;;;;;;;;;;;;;;;;;;;;;;;;;;;;
Тип;;UTP CAT5e;Оболонка;;поліетилен;Довжина кабеля;;305 м;Матеріал жили (провідника);;мідь;Кількість жил;;8;Переріз;;0.50 мм;Кількість в ящику;;2 шт;Розмір упаковки (Ш х В х Г);;215 x 410 x 400 мм;Вага брутто;;9.34 кг;;;;;;;;;;;;;;;;;;;;;;;;;;;;;;;;;;;;;;;
Тип;;Cat 5e U/UTP LSZH;Екранування;;відсутнє;Оболонка;;"безгалогеннний компаунд RAL 1015 кремовий, 70 °C";Довжина кабеля;;305 м;Матеріал жили (провідника);;мідь;Монтаж;;приміщення;Кількість жил;;8;Кількість в ящику;;1 шт;Розмір упаковки (Ш х В х Г);;210 x 410 x 440 мм;Вага брутто;;9.72 кг;;;;;;;;;;;;;;;;;;;;;;;;;;;;;;;;;;;;
Тип;;UTP мережевий;Частотна характеристика;;350 мГц;Довжина кабеля;;305 м;Матеріал;;мідь;Опір;;96 Ом/км;Вхідна напруга;;72В;Розмір;;8 жил по 0.51мм;Розмір упаковки (Ш х В х Г);;360 x 210 x 370 мм;Вага брутто;;6 кг;;;;;;;;;;;;;;;;;;;;;;;;;;;;;;;;;;;;;;;
Тип;;U/UTP;Стандарти;;cat.5e;Довжина кабеля;;305 м;Розмір;;"діаметр жили 0,51 мм";Кількість в ящику;;1 шт;Розмір упаковки (Ш х В х Г);;400 x 230 x 390 мм;Вага брутто;;9.48 кг;;;;;;;;;;;;;;;;;;;;;;;;;;;;;;;;;;;;;;;;;;;;;
Тип;;U/UTP-cat.5E-SL;Центральний провідник;;Мідний (Cu);Довжина кабеля;;100 м;Кількість жил;;8;Переріз;;"0,51 мм2";Розмір упаковки (Ш х В х Г);;140 x 270 x 270 мм;Вага брутто;;3.48 кг;;;;;;;;;;;;;;;;;;;;;;;;;;;;;;;;;;;;;;;;;;;;;
Тип;;U/UTP-cat.5E LSFROH;Центральний провідник;;Мідь;Оболонка;;LSZH (LSOH);Довжина кабеля;;305м;Кількість жил;;8;Переріз;;"0,51мм2";Кількість в ящику;;1 шт;Розмір упаковки (Ш х В х Г);;240 x 390 x 400 мм;Вага брутто;;9.94 кг;;;;;;;;;;;;;;;;;;;;;;;;;;;;;;;;;;;;;;;
Тип;;FTP мережевий;Частотна характеристика;;200 мГц;Довжина кабеля;;305 м;Матеріал;;мідь;Опір;;96 Ом/км;Вхідна напруга;;72В;Розмір;;8 жил по 0.51мм;Кількість в ящику;;1 шт;Розмір упаковки (Ш х В х Г);;270 x 400 x 400 мм;Вага брутто;;12.2 кг;;;;;;;;;;;;;;;;;;;;;;;;;;;;;;;;;;;;
Тип;;Cat. 5e F/UTP LSZH;Екранування;;алюмополімерна стрічка;Оболонка;;"безгалогеннний компаунд RAL 1015 кремовий, 70 °C";Довжина кабеля;;305 м;Матеріал жили (провідника);;мідь;Монтаж;;всередині приміщення;Кількість в ящику;;1 шт;Розмір упаковки (Ш х В х Г);;400 x 255 x 435 мм;Вага брутто;;12.74 кг;;;;;;;;;;;;;;;;;;;;;;;;;;;;;;;;;;;;;;;
Тип;;UTP мережевий;Довжина кабеля;;305 м;Центральний провідник;;мідь;Кількість жил;;8;Переріз;;0.51мм2;Кількість в ящику;;2 шт;Розмір упаковки (Ш х В х Г);;395 x 235 x 395 мм;Вага брутто;;9.32 кг;;;;;;;;;;;;;;;;;;;;;;;;;;;;;;;;;;;;;;;;;;
Тип;;Cat 5e U/UTP;Екранування;;відсутнє;Оболонка;;"полівінілхлоридний пластикат RAL 7001 сірий, TM51 70 °C";Довжина кабеля;;305 м;Матеріал жили (провідника);;медь;Переріз;;0.48 мм;Монтаж;;приміщення;Кількість в ящику;;1 шт;Розмір упаковки (Ш х В х Г);;380 x 200 x 380 мм;Вага брутто;;9.48 кг;;;;;;;;;;;;;;;;;;;;;;;;;;;;;;;;;;;;
Тип;;U/UTP-cat.5E-SL;Центральний провідник;;Мідний (Cu);Довжина кабеля;;100 м;Кількість жил;;8;Переріз;;"0,46 мм2";Розмір упаковки (Ш х В х Г);;140 x 270 x 270 мм;Вага брутто;;3.48 кг;;;;;;;;;;;;;;;;;;;;;;;;;;;;;;;;;;;;;;;;;;;;;
Тип;;Cat. 5e U/UTP РЕ;Оболонка;;"світлостабілізований поліетилен RAL 9011 чорний, 80 °C";Довжина кабеля;;305 м;Матеріал жили (провідника);;медь 24 AWG;Монтаж;;поза приміщенням;Кількість в ящику;;1 шт;Розмір упаковки (Ш х В х Г);;400 x 400 x 240 мм;Вага брутто;;14.7 кг;;;;;;;;;;;;;;;;;;;;;;;;;;;;;;;;;;;;;;;;;;
Тип;;Cat 5e F/UTP;Екранування;;алюмополімерна стрічка;Оболонка;;полівінілхлоридний пластикат RAL 7001 сірий;Довжина кабеля;;305 м;Матеріал жили (провідника);;мідь;Монтаж;;в приміщенні;Кількість в ящику;;1 шт;Розмір упаковки (Ш х В х Г);;400 x 255 x 530 мм;Вага брутто;;12.22 кг;;;;;;;;;;;;;;;;;;;;;;;;;;;;;;;;;;;;;;;
Тип;;Cat.6 U/UTP;Екранування;;відсутнє;Оболонка;;"полівінілхлоридний пластикат RAL 7001 сірий, TM51 70 °C";Довжина кабеля;;305 м;Матеріал жили (провідника);;мідь;Монтаж;;приміщення;Кількість в ящику;;1 шт;Розмір упаковки (Ш х В х Г);;400 x 255 x 440 мм;Вага брутто;;12.32 кг;;;;;;;;;;;;;;;;;;;;;;;;;;;;;;;;;;;;;;;
Тип;;Cat 5e F/UTP PE;Екранування;;алюмополімерна стрічка;Оболонка;;"світлостабілізований поліетилен RAL 9011 чорний, 80 °C";Довжина кабеля;;305 м;Матеріал жили (провідника);;мідь;Монтаж;;зовні приміщення;Кількість в ящику;;2 шт;Розмір упаковки (Ш х В х Г);;430 x 255 x 340 мм;Вага брутто;;11.48 кг;;;;;;;;;;;;;;;;;;;;;;;;;;;;;;;;;;;;;;;
Тип;;Cat. 6 A U/FTP LSZH;Екранування;;відсутнє;Оболонка;;"безгалогеннний компаунд RAL 5015 синій, 70 °C";Довжина кабеля;;500 м;Матеріал жили (провідника);;мідь;Монтаж;;приміщення;Кількість в ящику;;1 шт;Розмір упаковки (Ш х В х Г);;380 x 380 x 330 мм;Вага брутто;;27.18 кг;;;;;;;;;;;;;;;;;;;;;;;;;;;;;;;;;;;;;;;
Тип;;коаксіальний з живленням;Центральний провідник;;"центральна жила – мідь, обплетення біметал";Екранування;;"64х0.12мм, желтоцветный экран из алюминиево-медной проволоки";Оболонка;;PVC;Довжина кабеля;;100 м;Переріз;;"2x0.5мм2 + 1,02 мм";Розмір упаковки (Ш х В х Г);;320 x 90 x 320 мм;Вага брутто;;5.32 кг;;;;;;;;;;;;;;;;;;;;;;;;;;;;;;;;;;;;;;;;;;
Тип;;U/UTP-cat.6;Центральний провідник;;Медь;Оболонка;;PE (Поліетилен);Довжина кабеля;;305м;Кількість жил;;8;Переріз;;"0,57 мм2";Розмір упаковки (Ш х В х Г);;230 x 380 x 370 мм;Вага брутто;;12.66 кг;;;;;;;;;;;;;;;;;;;;;;;;;;;;;;;;;;;;;;;;;;
Тип;;сигнальний вогнестійкий;Центральний провідник;;Мідь (Cu);Ізоляція;;полівінілхлоридний пластикат (ПВХ);Оболонка;;"полівінілхлоридний пластикат (ПВХ) не розповсюджує горіння, з низьким димо- та газовиділення";Довжина кабеля;;100 м;Кількість жил;;4;Переріз;;0.4 мм²;Розмір упаковки (Ш х В х Г);;290 x 60 x 290 мм;Вага брутто;;1.52 кг;;;;;;;;;;;;;;;;;;;;;;;;;;;;;;;;;;;;;;;
Тип;;UTP 5Е;Довжина кабеля;;305 м;Матеріал жили (провідника);;медь;Монтаж;;всередині приміщення;Кількість жил;;8;Переріз;;"0,5 мм";Розмір упаковки (Ш х В х Г);;360 x 210 x 370 мм;Вага брутто;;6 кг;;;;;;;;;;;;;;;;;;;;;;;;;;;;;;;;;;;;;;;;;;
Тип;;UTP мережевий;Частотна характеристика;;100 мГц;Довжина кабеля;;305 м;Матеріал;;мідь;Кількість в ящику;;2 шт;Розмір упаковки (Ш х В х Г);;400 x 170 x 400 мм;Вага брутто;;16.3 кг;;;;;;;;;;;;;;;;;;;;;;;;;;;;;;;;;;;;;;;;;;;;;
Тип;;комбінований;Опір;;75 Ом;Розмір;;Ø81 мм;Матеріал;;мідь;Діелектрик;;спінений поліетилен 3.7 мм;Екранування;;90%;Вхідна напруга;;до 48В;Матеріал корпусу;;світлостабілізована поліетилен;Довжина кабеля;;100 м;Розмір упаковки (Ш х В х Г);;310 x 90 x 310 мм;Вага брутто;;2.5 кг;;;;;;;;;;;;;;;;;;;;;;;;;;;;;;;;;
Тип;;U/UTP-cat.5E-SL;Центральний провідник;;Мідний (Cu);Довжина кабеля;;100 м;Кількість жил;;8;Переріз;;"0,46 мм2";Розмір упаковки (Ш х В х Г);;140 x 270 x 270 мм;Вага брутто;;3.48 кг;;;;;;;;;;;;;;;;;;;;;;;;;;;;;;;;;;;;;;;;;;;;;
Тип;;U/UTP-cat.6;Центральний провідник;;Мідь;Оболонка;;PE (Полиэтилен);Довжина кабеля;;305м;Кількість жил;;8;Переріз;;"0,54мм2";Розмір упаковки (Ш х В х Г);;360 x 210 x 370 мм;Вага брутто;;6 кг;;;;;;;;;;;;;;;;;;;;;;;;;;;;;;;;;;;;;;;;;;
Діаметр;;"діелектрика 3.7 мм, центрального провідника 0.8 мм, кабелю 6 мм";Зворотні втрати;;30-470 MГц  >23дБ;Екранування;;5-10 MГц >65дБ;Додатково;;"Коефіцієнт загасання, номін., дБ/100м: 5 МГц -1.93, 50 МГц -6.13, 200 МГц -12.3";Опір;;75 Ом;Радіус вигину;;≥ 10 діаметрів кабелю;Робоча температура;;-20 °C ... +60 °C;Довжина кабеля;;305 м;Кількість в ящику;;1 шт;Розмір упаковки (Ш х В х Г);;360 x 320 x 360 мм;Вага брутто;;18.64 кг;;;;;;;;;;;;;;;;;;;;;;;;;;;;;;;;;
Тип;;F/UTP 5е;Екранування;;Підтримує;Ізоляція;;поліетилен;Оболонка;;LS0H-компаунд;Довжина кабеля;;305м;Кількість жил;;8;Переріз;;"0,51мм²";Кількість в ящику;;2 шт;Розмір упаковки (Ш х В х Г);;245 x 400 x 400 мм;Вага брутто;;12.5 кг;;;;;;;;;;;;;;;;;;;;;;;;;;;;;;;;;;;;
Тип;;комбінований коаксіальний + харчування + звук;Довжина кабеля;;20м;Розмір упаковки (Ш х В х Г);;130 x 50 x 130 мм;Вага брутто;;0.4 кг;;;;;;;;;;;;;;;;;;;;;;;;;;;;;;;;;;;;;;;;;;;;;;;;;;;;;;
Тип;;Сигнальний неекранований вогнестійкий;Центральний провідник;;Мідь;Довжина кабеля;;100м;Кількість жил;;6;Переріз;;0.4 мм2;Розмір упаковки (Ш х В х Г);;300 x 70 x 300 мм;Вага брутто;;2 кг;;;;;;;;;;;;;;;;;;;;;;;;;;;;;;;;;;;;;;;;;;;;;
Тип;;сигнальний;Центральний провідник;;CU - мідь;Екранування;;Підтримує;Довжина кабеля;;100 м;Кількість жил;;8;Переріз;;"0,22 мм2";Розмір упаковки (Ш х В х Г);;200 x 110 x 200 мм;Вага брутто;;3.42 кг;;;;;;;;;;;;;;;;;;;;;;;;;;;;;;;;;;;;;;;;;;
Тип;;Cat 5e F/UTP з тросом;Екранування;;алюмополімерна стрічка;Оболонка;;"світлостабілізований поліетилен RAL 9011 чорний, 80 °C";Довжина кабеля;;500 м;Матеріал жили (провідника);;мідь;Монтаж;;зовні приміщення;Кількість в ящику;;1 шт;Розмір упаковки (Ш х В х Г);;540 x 540 x 300 мм;Вага брутто;;31.52 кг;;;;;;;;;;;;;;;;;;;;;;;;;;;;;;;;;;;;;;;
Тип;;U/UTP-cat.5Е;Центральний провідник;;Мідь;Ізоляція;;поліетилен;Оболонка;;полівінілхлоридний пластикат (ПВХ);Довжина кабеля;;100м;Кількість жил;;8;Переріз;;"0,51 мм2";Розмір упаковки (Ш х В х Г);;120 x 230 x 230 мм;Вага брутто;;3 кг;;;;;;;;;;;;;;;;;;;;;;;;;;;;;;;;;;;;;;;
Тип;;UTP мережевий;Центральний провідник;;мідь;Довжина кабеля;;305 м;Кількість жил;;8;Переріз;;0.49 мм2;Розмір упаковки (Ш х В х Г);;240 x 400 x 400 мм;Вага брутто;;9.02 кг;;;;;;;;;;;;;;;;;;;;;;;;;;;;;;;;;;;;;;;;;;;;;
Тип;;F/UTP-cat.5E;Центральний провідник;;CU (мідь);Екранування;;загальний екран із алюмінієвої фольги;Ізоляція;;ПВХ;Оболонка;;ПВХ;Довжина кабеля;;100 м;Кількість жил;;8;Переріз;;"0,51мм²";Розмір упаковки (Ш х В х Г);;140 x 270 x 265 мм;Вага брутто;;3.92 кг;;;;;;;;;;;;;;;;;;;;;;;;;;;;;;;;;;;;
Тип;;сигнальний вогнестійкий;Центральний провідник;;Мідь (Cu);Екранування;;Підтримує;Оболонка;;LSZH (безгалогенний компаунд);Довжина кабеля;;100 м;Кількість жил;;2;Переріз;;0.8 мм²;Розмір упаковки (Ш х В х Г);;350 x 100 x 350 мм;Вага брутто;;3.2 кг;;;;;;;;;;;;;;;;;;;;;;;;;;;;;;;;;;;;;;;
Тип;;сигнальний вогнестійкий;Центральний провідник;;Мідь (Cu);Екранування;;Підтримує;Оболонка;;LSZH (безгалогенний компаунд);Довжина кабеля;;100 м;Кількість жил;;4;Переріз;;0.8 мм²;Розмір упаковки (Ш х В х Г);;350 x 150 x 350 мм;Вага брутто;;5 кг;;;;;;;;;;;;;;;;;;;;;;;;;;;;;;;;;;;;;;;
Тип;;сигнальний  J-Y(St)Y;Центральний провідник;;Мідь (Cu);Екранування;;Підтримує;Оболонка;;ПВХ;Довжина кабеля;;100 м;Кількість жил;;2;Переріз;;0.8 мм²;Розмір упаковки (Ш х В х Г);;250 x 100 x 250 мм;Вага брутто;;2.4 кг;;;;;;;;;;;;;;;;;;;;;;;;;;;;;;;;;;;;;;;
Тип;;сигнальний  J-Y(St)Y;Центральний провідник;;Мідь (Cu);Екранування;;Підтримує;Оболонка;;ПВХ;Довжина кабеля;;100 м;Кількість жил;;8;Переріз;;0.8 мм²;Розмір упаковки (Ш х В х Г);;350 x 100 x 350 мм;Вага брутто;;6.2 кг;;;;;;;;;;;;;;;;;;;;;;;;;;;;;;;;;;;;;;;
Тип;;UTP;Центральний провідник;;біметал;Оболонка;;поліетилен;Довжина кабеля;;305 м;Кількість жил;;8;Переріз;;0.5 мм(24 AWG);Розмір упаковки (Ш х В х Г);;240 x 380 x 380 мм;Вага брутто;;6.1 кг;;;;;;;;;;;;;;;;;;;;;;;;;;;;;;;;;;;;;;;;;;
Тип;;UTP  cat 5e;Центральний провідник;;Мідь;Довжина кабеля;;305 м;Кількість жил;;8;Переріз;;0.46 мм2;Кількість в ящику;;2 шт;Розмір упаковки (Ш х В х Г);;200 x 380 x 375 мм;Вага брутто;;8.24 кг;;;;;;;;;;;;;;;;;;;;;;;;;;;;;;;;;;;;;;;;;;
Тип;;Комбінований кабель;Центральний провідник;;"Монолітна мідна жила із загальним діаметром 1,02 мм";Екранування;;Алюміній-поліпропілен;Оболонка;;ПВХ;Довжина кабеля;;305 м (бухта);Кількість жил;;1;Розмір упаковки (Ш х В х Г);;450 x 160 x 450 мм;Вага брутто;;23.5 кг;;;;;;;;;;;;;;;;;;;;;;;;;;;;;;;;;;;;;;;;;;
Тип;;U/UTP CAT.5E;Центральний провідник;;мідь;Довжина кабеля;;305 м;Кількість жил;;4;Переріз;;0.48 мм2;Кількість в ящику;;2 шт;Розмір упаковки (Ш х В х Г);;360 x 210 x 370 мм;Вага брутто;;6 кг;;;;;;;;;;;;;;;;;;;;;;;;;;;;;;;;;;;;;;;;;;
Тип;;UTP кат. 5e;Центральний провідник;;Мідь;Оболонка;;PVC(ПВХ);Довжина кабеля;;100м;Кількість жил;;8;Переріз;;0.49мм2;Розмір упаковки (Ш х В х Г);;260 x 140 x 260 мм;Вага брутто;;2.9 кг;;;;;;;;;;;;;;;;;;;;;;;;;;;;;;;;;;;;;;;;;;
Тип;;Cat 5e F/UTP PE;Екранування;;алюмополімерна стрічка;Оболонка;;"світлостабілізований поліетилен RAL 9011 чорний, 80 °C";Довжина кабеля;;500 м;Матеріал жили (провідника);;мідь;Монтаж;;зовні приміщення;Кількість в ящику;;1 шт;Розмір упаковки (Ш х В х Г);;400 x 400 x 235 мм;Вага брутто;;18.46 кг;;;;;;;;;;;;;;;;;;;;;;;;;;;;;;;;;;;;;;;
Тип;;Cat. 5e U/UTP  РЕ;Оболонка;;"світлостабілізований поліетилен RAL 9011 чорний, 80 °C";Довжина кабеля;;500 м;Матеріал жили (провідника);;мідь 24 AWG;Монтаж;;поза приміщенням;Розмір упаковки (Ш х В х Г);;400 x 320 x 400 мм;Вага брутто;;21.68 кг;;;;;;;;;;;;;;;;;;;;;;;;;;;;;;;;;;;;;;;;;;;;;
Тип;;BNC+DC+AV;Довжина кабеля;;5м;Розмір упаковки (Ш х В х Г);;90 x 40 x 90 мм;Вага брутто;;0.14 кг;;;;;;;;;;;;;;;;;;;;;;;;;;;;;;;;;;;;;;;;;;;;;;;;;;;;;;
Тип;;U/UTP кат. 6;Центральний провідник;;Мідь (Cu);Оболонка;;ПВХ;Довжина кабеля;;305 м;Кількість жил;;8;Переріз;;"0,54 мм2";Розмір упаковки (Ш х В х Г);;235 x 390 x 395 мм;Вага брутто;;10.52 кг;;;;;;;;;;;;;;;;;;;;;;;;;;;;;;;;;;;;;;;;;;
Тип;;сигнальний  J-Y(St)Y;Центральний провідник;;Мідь (Cu);Екранування;;Підтримує;Оболонка;;ПВХ;Довжина кабеля;;100 м;Кількість жил;;4;Переріз;;0.8 мм²;Розмір упаковки (Ш х В х Г);;270 x 90 x 270 мм;Вага брутто;;3.48 кг;;;;;;;;;;;;;;;;;;;;;;;;;;;;;;;;;;;;;;;
Тип;;SL-59;Центральний провідник;;Мідь (Cu);Оболонка;;PVC (полівінілхлорид);Довжина кабеля;;305 м;Кількість жил;;2+1;Переріз;;0.5+0.8;Ізоляція;;OS-структура: коаксіальна жила та жили живлення об’єднані в одну оболонку з PVC-пластикату сірого кольору.;Розмір упаковки (Ш х В х Г);;380 x 260 x 380 мм;Вага брутто;;23 кг;;;;;;;;;;;;;;;;;;;;;;;;;;;;;;;;;;;;;;;
Тип;;UTP cat 6;Центральний провідник;;Мідь (Cu);Оболонка;;PVC(ПВХ);Довжина кабеля;;305 м;Кількість жил;;8;Переріз;;"0,51 мм²";Розмір упаковки (Ш х В х Г);;240 x 400 x 390 мм;Вага брутто;;9.94 кг;;;;;;;;;;;;;;;;;;;;;;;;;;;;;;;;;;;;;;;;;;
Тип;;UTP cat 6;Центральний провідник;;Мідь (Cu);Оболонка;;PE (Поліетилен);Довжина кабеля;;305 м;Кількість жил;;8;Переріз;;"0,51 мм²";Розмір упаковки (Ш х В х Г);;240 x 400 x 400 мм;Вага брутто;;10.06 кг;;;;;;;;;;;;;;;;;;;;;;;;;;;;;;;;;;;;;;;;;;
Тип;;5e U/UTP 4x2x24 AWG PE;Оболонка;;Полівінілхлорид (PVC);Довжина кабеля;;500 м;Матеріал жили (провідника);;мідь;Монтаж;;поза приміщенням;Кількість жил;;8;Переріз;;0.51 мм;Розмір упаковки (Ш х В х Г);;360 x 210 x 370 мм;Вага брутто;;6 кг;;;;;;;;;;;;;;;;;;;;;;;;;;;;;;;;;;;;;;;
Тип;;UTP кат.5е;Центральний провідник;;Мідний (Cu);Довжина кабеля;;500 м;Кількість в ящику;;2 шт;Розмір упаковки (Ш х В х Г);;360 x 210 x 370 мм;Вага брутто;;6 кг;;;;;;;;;;;;;;;;;;;;;;;;;;;;;;;;;;;;;;;;;;;;;;;;
Тип;;U/UTP-cat.5Е;Центральний провідник;;Мідний (Cu);Оболонка;;ПВХ;Довжина кабеля;;100 м;Кількість жил;;8;Переріз;;"0,51 мм";Розмір упаковки (Ш х В х Г);;140 x 270 x 270 мм;Вага брутто;;3.48 кг;;;;;;;;;;;;;;;;;;;;;;;;;;;;;;;;;;;;;;;;;;
Тип;;F/UTP-cat.5E-SL;Центральний провідник;;Мідний (Cu);Екранування;;Підтримує;Довжина кабеля;;100 м;Кількість жил;;8;Переріз;;0.48 мм;Розмір упаковки (Ш х В х Г);;140 x 270 x 270 мм;Вага брутто;;3.48 кг;;;;;;;;;;;;;;;;;;;;;;;;;;;;;;;;;;;;;;;;;;
Тип;;UTP з тросом;Центральний провідник;;CU (мідь);Довжина кабеля;;500м;Кількість жил;;8;Переріз;;0.51мм²;Кількість в ящику;;2 шт;Розмір упаковки (Ш х В х Г);;470 x 210 x 470 мм;Вага брутто;;25 кг;;;;;;;;;;;;;;;;;;;;;;;;;;;;;;;;;;;;;;;;;;
Тип;;UTP кат. 5e;Центральний провідник;;Мідь;Оболонка;;PVC(ПВХ);Довжина кабеля;;305м;Кількість жил;;8;Переріз;;0.49мм2;Розмір упаковки (Ш х В х Г);;380 x 200 x 380 мм;Вага брутто;;9.08 кг;;;;;;;;;;;;;;;;;;;;;;;;;;;;;;;;;;;;;;;;;;
Тип;;U/UTP cat.5E-SL;Центральний провідник;;мідь;Оболонка;;поліетилен;Довжина кабеля;;305 м;Кількість жил;;8;Переріз;;"0,46 мм2";Розмір упаковки (Ш х В х Г);;240 x 400 x 395 мм;Вага брутто;;8.08 кг;;;;;;;;;;;;;;;;;;;;;;;;;;;;;;;;;;;;;;;;;;
Тип;;комбінований мережевий FTP + живлення;Центральний провідник;;Мідь (Cu);Оболонка;;PE (Поліетилен);Довжина кабеля;;305 м;Кількість жил;;"4*2*0,51+2";Переріз;;"0,51+0.75 мм2";Кількість в ящику;;2 шт;Розмір упаковки (Ш х В х Г);;460 x 180 x 460 мм;Вага брутто;;19.32 кг;;;;;;;;;;;;;;;;;;;;;;;;;;;;;;;;;;;;;;;
Тип;;сигнальний  J-Y(St)Y;Центральний провідник;;Мідь (Cu);Екранування;;Підтримує;Оболонка;;ПВХ;Довжина кабеля;;200 м;Кількість жил;;4;Переріз;;0.8 мм²;Розмір упаковки (Ш х В х Г);;300 x 100 x 300 мм;Вага брутто;;7.5 кг;;;;;;;;;;;;;;;;;;;;;;;;;;;;;;;;;;;;;;;
Тип;;сигнальний вогнестійкий;Центральний провідник;;Мідь (Cu);Ізоляція;;полівінілхлоридний пластикат (ПВХ);Оболонка;;"полівінілхлоридний пластикат (ПВХ) не розповсюджує горіння, з низьким димо- та газовиділення";Кількість жил;;8;Переріз;;0.4 мм²;Розмір упаковки (Ш х В х Г);;220 x 90 x 220 мм;Вага брутто;;2.44 кг;;;;;;;;;;;;;;;;;;;;;;;;;;;;;;;;;;;;;;;;;;
Тип;;UTP вита пара зовнішній;Центральний провідник;;Мідь (Cu);Оболонка;;LDPE (поліетилен);Довжина кабеля;;305 м;Кількість жил;;8;Переріз;;0.51 мм;Розмір упаковки (Ш х В х Г);;255 x 360 x 370 мм;Вага брутто;;8.74 кг;;;;;;;;;;;;;;;;;;;;;;;;;;;;;;;;;;;;;;;;;;
Тип;;UTP cat 6;Центральний провідник;;Мідь (Cu);Оболонка;;LSZH (LSOH);Довжина кабеля;;305 м;Кількість жил;;8;Переріз;;"0,51 мм²";Розмір упаковки (Ш х В х Г);;240 x 400 x 395 мм;Вага брутто;;11.242 кг;;;;;;;;;;;;;;;;;;;;;;;;;;;;;;;;;;;;;;;;;;
Тип;;FTP-cat.5E;Оболонка;;поліетилен;Довжина кабеля;;500 м;Кількість жил;;8;Переріз;;0.5 мм2;Кількість в ящику;;2 шт;Розмір упаковки (Ш х В х Г);;530 x 190 x 530 мм;Вага брутто;;30 кг;;;;;;;;;;;;;;;;;;;;;;;;;;;;;;;;;;;;;;;;;;
Тип;;вуличний мережевий;Центральний провідник;;Мідь (Cu);Екранування;;FTP;Оболонка;;PE (поліетилен);Довжина кабеля;;305 м;Кількість жил;;4;Переріз;;"0,51 мм²";Розмір упаковки (Ш х В х Г);;380 x 190 x 380 мм;Вага брутто;;11.54 кг;;;;;;;;;;;;;;;;;;;;;;;;;;;;;;;;;;;;;;;
;;;;;;;;;;;;;;;;;;;;;;;;;;;;;;;;;;;;;;;;;;;;;;;;;;;;;;;;;;;;;;;;;
;;;;;;;;;;;;;;;;;;;;;;;;;;;;;;;;;;;;;;;;;;;;;;;;;;;;;;;;;;;;;;;;;
;;;;;;;;;;;;;;;;;;;;;;;;;;;;;;;;;;;;;;;;;;;;;;;;;;;;;;;;;;;;;;;;;
;;;;;;;;;;;;;;;;;;;;;;;;;;;;;;;;;;;;;;;;;;;;;;;;;;;;;;;;;;;;;;;;;
;;;;;;;;;;;;;;;;;;;;;;;;;;;;;;;;;;;;;;;;;;;;;;;;;;;;;;;;;;;;;;;;;
;;;;;;;;;;;;;;;;;;;;;;;;;;;;;;;;;;;;;;;;;;;;;;;;;;;;;;;;;;;;;;;;;
;;;;;;;;;;;;;;;;;;;;;;;;;;;;;;;;;;;;;;;;;;;;;;;;;;;;;;;;;;;;;;;;;
;;;;;;;;;;;;;;;;;;;;;;;;;;;;;;;;;;;;;;;;;;;;;;;;;;;;;;;;;;;;;;;;;
;;;;;;;;;;;;;;;;;;;;;;;;;;;;;;;;;;;;;;;;;;;;;;;;;;;;;;;;;;;;;;;;;
;;;;;;;;;;;;;;;;;;;;;;;;;;;;;;;;;;;;;;;;;;;;;;;;;;;;;;;;;;;;;;;;;
;;;;;;;;;;;;;;;;;;;;;;;;;;;;;;;;;;;;;;;;;;;;;;;;;;;;;;;;;;;;;;;;;
;;;;;;;;;;;;;;;;;;;;;;;;;;;;;;;;;;;;;;;;;;;;;;;;;;;;;;;;;;;;;;;;;
;;;;;;;;;;;;;;;;;;;;;;;;;;;;;;;;;;;;;;;;;;;;;;;;;;;;;;;;;;;;;;;;;
;;;;;;;;;;;;;;;;;;;;;;;;;;;;;;;;;;;;;;;;;;;;;;;;;;;;;;;;;;;;;;;;;
;;;;;;;;;;;;;;;;;;;;;;;;;;;;;;;;;;;;;;;;;;;;;;;;;;;;;;;;;;;;;;;;;
;;;;;;;;;;;;;;;;;;;;;;;;;;;;;;;;;;;;;;;;;;;;;;;;;;;;;;;;;;;;;;;;;
;;;;;;;;;;;;;;;;;;;;;;;;;;;;;;;;;;;;;;;;;;;;;;;;;;;;;;;;;;;;;;;;;
;;;;;;;;;;;;;;;;;;;;;;;;;;;;;;;;;;;;;;;;;;;;;;;;;;;;;;;;;;;;;;;;;
;;;;;;;;;;;;;;;;;;;;;;;;;;;;;;;;;;;;;;;;;;;;;;;;;;;;;;;;;;;;;;;;;
;;;;;;;;;;;;;;;;;;;;;;;;;;;;;;;;;;;;;;;;;;;;;;;;;;;;;;;;;;;;;;;;;
;;;;;;;;;;;;;;;;;;;;;;;;;;;;;;;;;;;;;;;;;;;;;;;;;;;;;;;;;;;;;;;;;
;;;;;;;;;;;;;;;;;;;;;;;;;;;;;;;;;;;;;;;;;;;;;;;;;;;;;;;;;;;;;;;;;
;;;;;;;;;;;;;;;;;;;;;;;;;;;;;;;;;;;;;;;;;;;;;;;;;;;;;;;;;;;;;;;;;
;;;;;;;;;;;;;;;;;;;;;;;;;;;;;;;;;;;;;;;;;;;;;;;;;;;;;;;;;;;;;;;;;
;;;;;;;;;;;;;;;;;;;;;;;;;;;;;;;;;;;;;;;;;;;;;;;;;;;;;;;;;;;;;;;;;
;;;;;;;;;;;;;;;;;;;;;;;;;;;;;;;;;;;;;;;;;;;;;;;;;;;;;;;;;;;;;;;;;
;;;;;;;;;;;;;;;;;;;;;;;;;;;;;;;;;;;;;;;;;;;;;;;;;;;;;;;;;;;;;;;;;
;;;;;;;;;;;;;;;;;;;;;;;;;;;;;;;;;;;;;;;;;;;;;;;;;;;;;;;;;;;;;;;;;
;;;;;;;;;;;;;;;;;;;;;;;;;;;;;;;;;;;;;;;;;;;;;;;;;;;;;;;;;;;;;;;;;
;;;;;;;;;;;;;;;;;;;;;;;;;;;;;;;;;;;;;;;;;;;;;;;;;;;;;;;;;;;;;;;;;
;;;;;;;;;;;;;;;;;;;;;;;;;;;;;;;;;;;;;;;;;;;;;;;;;;;;;;;;;;;;;;;;;
;;;;;;;;;;;;;;;;;;;;;;;;;;;;;;;;;;;;;;;;;;;;;;;;;;;;;;;;;;;;;;;;;
;;;;;;;;;;;;;;;;;;;;;;;;;;;;;;;;;;;;;;;;;;;;;;;;;;;;;;;;;;;;;;;;;
;;;;;;;;;;;;;;;;;;;;;;;;;;;;;;;;;;;;;;;;;;;;;;;;;;;;;;;;;;;;;;;;;
;;;;;;;;;;;;;;;;;;;;;;;;;;;;;;;;;;;;;;;;;;;;;;;;;;;;;;;;;;;;;;;;;
;;;;;;;;;;;;;;;;;;;;;;;;;;;;;;;;;;;;;;;;;;;;;;;;;;;;;;;;;;;;;;;;;
;;;;;;;;;;;;;;;;;;;;;;;;;;;;;;;;;;;;;;;;;;;;;;;;;;;;;;;;;;;;;;;;;
;;;;;;;;;;;;;;;;;;;;;;;;;;;;;;;;;;;;;;;;;;;;;;;;;;;;;;;;;;;;;;;;;
;;;;;;;;;;;;;;;;;;;;;;;;;;;;;;;;;;;;;;;;;;;;;;;;;;;;;;;;;;;;;;;;;
;;;;;;;;;;;;;;;;;;;;;;;;;;;;;;;;;;;;;;;;;;;;;;;;;;;;;;;;;;;;;;;;;
;;;;;;;;;;;;;;;;;;;;;;;;;;;;;;;;;;;;;;;;;;;;;;;;;;;;;;;;;;;;;;;;;
;;;;;;;;;;;;;;;;;;;;;;;;;;;;;;;;;;;;;;;;;;;;;;;;;;;;;;;;;;;;;;;;;
;;;;;;;;;;;;;;;;;;;;;;;;;;;;;;;;;;;;;;;;;;;;;;;;;;;;;;;;;;;;;;;;;
;;;;;;;;;;;;;;;;;;;;;;;;;;;;;;;;;;;;;;;;;;;;;;;;;;;;;;;;;;;;;;;;;
;;;;;;;;;;;;;;;;;;;;;;;;;;;;;;;;;;;;;;;;;;;;;;;;;;;;;;;;;;;;;;;;;
;;;;;;;;;;;;;;;;;;;;;;;;;;;;;;;;;;;;;;;;;;;;;;;;;;;;;;;;;;;;;;;;;
;;;;;;;;;;;;;;;;;;;;;;;;;;;;;;;;;;;;;;;;;;;;;;;;;;;;;;;;;;;;;;;;;
;;;;;;;;;;;;;;;;;;;;;;;;;;;;;;;;;;;;;;;;;;;;;;;;;;;;;;;;;;;;;;;;;
;;;;;;;;;;;;;;;;;;;;;;;;;;;;;;;;;;;;;;;;;;;;;;;;;;;;;;;;;;;;;;;;;
;;;;;;;;;;;;;;;;;;;;;;;;;;;;;;;;;;;;;;;;;;;;;;;;;;;;;;;;;;;;;;;;;
;;;;;;;;;;;;;;;;;;;;;;;;;;;;;;;;;;;;;;;;;;;;;;;;;;;;;;;;;;;;;;;;;
;;;;;;;;;;;;;;;;;;;;;;;;;;;;;;;;;;;;;;;;;;;;;;;;;;;;;;;;;;;;;;;;;
;;;;;;;;;;;;;;;;;;;;;;;;;;;;;;;;;;;;;;;;;;;;;;;;;;;;;;;;;;;;;;;;;
;;;;;;;;;;;;;;;;;;;;;;;;;;;;;;;;;;;;;;;;;;;;;;;;;;;;;;;;;;;;;;;;;
;;;;;;;;;;;;;;;;;;;;;;;;;;;;;;;;;;;;;;;;;;;;;;;;;;;;;;;;;;;;;;;;;
;;;;;;;;;;;;;;;;;;;;;;;;;;;;;;;;;;;;;;;;;;;;;;;;;;;;;;;;;;;;;;;;;
;;;;;;;;;;;;;;;;;;;;;;;;;;;;;;;;;;;;;;;;;;;;;;;;;;;;;;;;;;;;;;;;;
;;;;;;;;;;;;;;;;;;;;;;;;;;;;;;;;;;;;;;;;;;;;;;;;;;;;;;;;;;;;;;;;;
;;;;;;;;;;;;;;;;;;;;;;;;;;;;;;;;;;;;;;;;;;;;;;;;;;;;;;;;;;;;;;;;;
;;;;;;;;;;;;;;;;;;;;;;;;;;;;;;;;;;;;;;;;;;;;;;;;;;;;;;;;;;;;;;;;;
;;;;;;;;;;;;;;;;;;;;;;;;;;;;;;;;;;;;;;;;;;;;;;;;;;;;;;;;;;;;;;;;;
;;;;;;;;;;;;;;;;;;;;;;;;;;;;;;;;;;;;;;;;;;;;;;;;;;;;;;;;;;;;;;;;;
;;;;;;;;;;;;;;;;;;;;;;;;;;;;;;;;;;;;;;;;;;;;;;;;;;;;;;;;;;;;;;;;;
;;;;;;;;;;;;;;;;;;;;;;;;;;;;;;;;;;;;;;;;;;;;;;;;;;;;;;;;;;;;;;;;;
;;;;;;;;;;;;;;;;;;;;;;;;;;;;;;;;;;;;;;;;;;;;;;;;;;;;;;;;;;;;;;;;;
;;;;;;;;;;;;;;;;;;;;;;;;;;;;;;;;;;;;;;;;;;;;;;;;;;;;;;;;;;;;;;;;;
;;;;;;;;;;;;;;;;;;;;;;;;;;;;;;;;;;;;;;;;;;;;;;;;;;;;;;;;;;;;;;;;;
;;;;;;;;;;;;;;;;;;;;;;;;;;;;;;;;;;;;;;;;;;;;;;;;;;;;;;;;;;;;;;;;;
;;;;;;;;;;;;;;;;;;;;;;;;;;;;;;;;;;;;;;;;;;;;;;;;;;;;;;;;;;;;;;;;;
;;;;;;;;;;;;;;;;;;;;;;;;;;;;;;;;;;;;;;;;;;;;;;;;;;;;;;;;;;;;;;;;;
;;;;;;;;;;;;;;;;;;;;;;;;;;;;;;;;;;;;;;;;;;;;;;;;;;;;;;;;;;;;;;;;;
;;;;;;;;;;;;;;;;;;;;;;;;;;;;;;;;;;;;;;;;;;;;;;;;;;;;;;;;;;;;;;;;;
;;;;;;;;;;;;;;;;;;;;;;;;;;;;;;;;;;;;;;;;;;;;;;;;;;;;;;;;;;;;;;;;;
;;;;;;;;;;;;;;;;;;;;;;;;;;;;;;;;;;;;;;;;;;;;;;;;;;;;;;;;;;;;;;;;;
;;;;;;;;;;;;;;;;;;;;;;;;;;;;;;;;;;;;;;;;;;;;;;;;;;;;;;;;;;;;;;;;;
;;;;;;;;;;;;;;;;;;;;;;;;;;;;;;;;;;;;;;;;;;;;;;;;;;;;;;;;;;;;;;;;;
;;;;;;;;;;;;;;;;;;;;;;;;;;;;;;;;;;;;;;;;;;;;;;;;;;;;;;;;;;;;;;;;;
;;;;;;;;;;;;;;;;;;;;;;;;;;;;;;;;;;;;;;;;;;;;;;;;;;;;;;;;;;;;;;;;;
;;;;;;;;;;;;;;;;;;;;;;;;;;;;;;;;;;;;;;;;;;;;;;;;;;;;;;;;;;;;;;;;;
;;;;;;;;;;;;;;;;;;;;;;;;;;;;;;;;;;;;;;;;;;;;;;;;;;;;;;;;;;;;;;;;;
;;;;;;;;;;;;;;;;;;;;;;;;;;;;;;;;;;;;;;;;;;;;;;;;;;;;;;;;;;;;;;;;;
;;;;;;;;;;;;;;;;;;;;;;;;;;;;;;;;;;;;;;;;;;;;;;;;;;;;;;;;;;;;;;;;;
;;;;;;;;;;;;;;;;;;;;;;;;;;;;;;;;;;;;;;;;;;;;;;;;;;;;;;;;;;;;;;;;;
;;;;;;;;;;;;;;;;;;;;;;;;;;;;;;;;;;;;;;;;;;;;;;;;;;;;;;;;;;;;;;;;;
;;;;;;;;;;;;;;;;;;;;;;;;;;;;;;;;;;;;;;;;;;;;;;;;;;;;;;;;;;;;;;;;;
;;;;;;;;;;;;;;;;;;;;;;;;;;;;;;;;;;;;;;;;;;;;;;;;;;;;;;;;;;;;;;;;;
;;;;;;;;;;;;;;;;;;;;;;;;;;;;;;;;;;;;;;;;;;;;;;;;;;;;;;;;;;;;;;;;;
;;;;;;;;;;;;;;;;;;;;;;;;;;;;;;;;;;;;;;;;;;;;;;;;;;;;;;;;;;;;;;;;;
;;;;;;;;;;;;;;;;;;;;;;;;;;;;;;;;;;;;;;;;;;;;;;;;;;;;;;;;;;;;;;;;;
;;;;;;;;;;;;;;;;;;;;;;;;;;;;;;;;;;;;;;;;;;;;;;;;;;;;;;;;;;;;;;;;;
;;;;;;;;;;;;;;;;;;;;;;;;;;;;;;;;;;;;;;;;;;;;;;;;;;;;;;;;;;;;;;;;;
;;;;;;;;;;;;;;;;;;;;;;;;;;;;;;;;;;;;;;;;;;;;;;;;;;;;;;;;;;;;;;;;;
;;;;;;;;;;;;;;;;;;;;;;;;;;;;;;;;;;;;;;;;;;;;;;;;;;;;;;;;;;;;;;;;;
;;;;;;;;;;;;;;;;;;;;;;;;;;;;;;;;;;;;;;;;;;;;;;;;;;;;;;;;;;;;;;;;;
;;;;;;;;;;;;;;;;;;;;;;;;;;;;;;;;;;;;;;;;;;;;;;;;;;;;;;;;;;;;;;;;;
;;;;;;;;;;;;;;;;;;;;;;;;;;;;;;;;;;;;;;;;;;;;;;;;;;;;;;;;;;;;;;;;;
;;;;;;;;;;;;;;;;;;;;;;;;;;;;;;;;;;;;;;;;;;;;;;;;;;;;;;;;;;;;;;;;;
;;;;;;;;;;;;;;;;;;;;;;;;;;;;;;;;;;;;;;;;;;;;;;;;;;;;;;;;;;;;;;;;;
;;;;;;;;;;;;;;;;;;;;;;;;;;;;;;;;;;;;;;;;;;;;;;;;;;;;;;;;;;;;;;;;;
;;;;;;;;;;;;;;;;;;;;;;;;;;;;;;;;;;;;;;;;;;;;;;;;;;;;;;;;;;;;;;;;;
;;;;;;;;;;;;;;;;;;;;;;;;;;;;;;;;;;;;;;;;;;;;;;;;;;;;;;;;;;;;;;;;;
;;;;;;;;;;;;;;;;;;;;;;;;;;;;;;;;;;;;;;;;;;;;;;;;;;;;;;;;;;;;;;;;;
;;;;;;;;;;;;;;;;;;;;;;;;;;;;;;;;;;;;;;;;;;;;;;;;;;;;;;;;;;;;;;;;;
;;;;;;;;;;;;;;;;;;;;;;;;;;;;;;;;;;;;;;;;;;;;;;;;;;;;;;;;;;;;;;;;;
;;;;;;;;;;;;;;;;;;;;;;;;;;;;;;;;;;;;;;;;;;;;;;;;;;;;;;;;;;;;;;;;;
;;;;;;;;;;;;;;;;;;;;;;;;;;;;;;;;;;;;;;;;;;;;;;;;;;;;;;;;;;;;;;;;;
;;;;;;;;;;;;;;;;;;;;;;;;;;;;;;;;;;;;;;;;;;;;;;;;;;;;;;;;;;;;;;;;;
;;;;;;;;;;;;;;;;;;;;;;;;;;;;;;;;;;;;;;;;;;;;;;;;;;;;;;;;;;;;;;;;;
;;;;;;;;;;;;;;;;;;;;;;;;;;;;;;;;;;;;;;;;;;;;;;;;;;;;;;;;;;;;;;;;;
;;;;;;;;;;;;;;;;;;;;;;;;;;;;;;;;;;;;;;;;;;;;;;;;;;;;;;;;;;;;;;;;;
;;;;;;;;;;;;;;;;;;;;;;;;;;;;;;;;;;;;;;;;;;;;;;;;;;;;;;;;;;;;;;;;;
;;;;;;;;;;;;;;;;;;;;;;;;;;;;;;;;;;;;;;;;;;;;;;;;;;;;;;;;;;;;;;;;;
;;;;;;;;;;;;;;;;;;;;;;;;;;;;;;;;;;;;;;;;;;;;;;;;;;;;;;;;;;;;;;;;;
;;;;;;;;;;;;;;;;;;;;;;;;;;;;;;;;;;;;;;;;;;;;;;;;;;;;;;;;;;;;;;;;;
;;;;;;;;;;;;;;;;;;;;;;;;;;;;;;;;;;;;;;;;;;;;;;;;;;;;;;;;;;;;;;;;;
;;;;;;;;;;;;;;;;;;;;;;;;;;;;;;;;;;;;;;;;;;;;;;;;;;;;;;;;;;;;;;;;;
;;;;;;;;;;;;;;;;;;;;;;;;;;;;;;;;;;;;;;;;;;;;;;;;;;;;;;;;;;;;;;;;;
;;;;;;;;;;;;;;;;;;;;;;;;;;;;;;;;;;;;;;;;;;;;;;;;;;;;;;;;;;;;;;;;;
;;;;;;;;;;;;;;;;;;;;;;;;;;;;;;;;;;;;;;;;;;;;;;;;;;;;;;;;;;;;;;;;;
;;;;;;;;;;;;;;;;;;;;;;;;;;;;;;;;;;;;;;;;;;;;;;;;;;;;;;;;;;;;;;;;;
;;;;;;;;;;;;;;;;;;;;;;;;;;;;;;;;;;;;;;;;;;;;;;;;;;;;;;;;;;;;;;;;;
;;;;;;;;;;;;;;;;;;;;;;;;;;;;;;;;;;;;;;;;;;;;;;;;;;;;;;;;;;;;;;;;;
;;;;;;;;;;;;;;;;;;;;;;;;;;;;;;;;;;;;;;;;;;;;;;;;;;;;;;;;;;;;;;;;;
;;;;;;;;;;;;;;;;;;;;;;;;;;;;;;;;;;;;;;;;;;;;;;;;;;;;;;;;;;;;;;;;;
;;;;;;;;;;;;;;;;;;;;;;;;;;;;;;;;;;;;;;;;;;;;;;;;;;;;;;;;;;;;;;;;;
;;;;;;;;;;;;;;;;;;;;;;;;;;;;;;;;;;;;;;;;;;;;;;;;;;;;;;;;;;;;;;;;;
;;;;;;;;;;;;;;;;;;;;;;;;;;;;;;;;;;;;;;;;;;;;;;;;;;;;;;;;;;;;;;;;;
;;;;;;;;;;;;;;;;;;;;;;;;;;;;;;;;;;;;;;;;;;;;;;;;;;;;;;;;;;;;;;;;;
;;;;;;;;;;;;;;;;;;;;;;;;;;;;;;;;;;;;;;;;;;;;;;;;;;;;;;;;;;;;;;;;;
;;;;;;;;;;;;;;;;;;;;;;;;;;;;;;;;;;;;;;;;;;;;;;;;;;;;;;;;;;;;;;;;;
;;;;;;;;;;;;;;;;;;;;;;;;;;;;;;;;;;;;;;;;;;;;;;;;;;;;;;;;;;;;;;;;;
;;;;;;;;;;;;;;;;;;;;;;;;;;;;;;;;;;;;;;;;;;;;;;;;;;;;;;;;;;;;;;;;;
;;;;;;;;;;;;;;;;;;;;;;;;;;;;;;;;;;;;;;;;;;;;;;;;;;;;;;;;;;;;;;;;;
;;;;;;;;;;;;;;;;;;;;;;;;;;;;;;;;;;;;;;;;;;;;;;;;;;;;;;;;;;;;;;;;;
;;;;;;;;;;;;;;;;;;;;;;;;;;;;;;;;;;;;;;;;;;;;;;;;;;;;;;;;;;;;;;;;;
;;;;;;;;;;;;;;;;;;;;;;;;;;;;;;;;;;;;;;;;;;;;;;;;;;;;;;;;;;;;;;;;;
;;;;;;;;;;;;;;;;;;;;;;;;;;;;;;;;;;;;;;;;;;;;;;;;;;;;;;;;;;;;;;;;;
;;;;;;;;;;;;;;;;;;;;;;;;;;;;;;;;;;;;;;;;;;;;;;;;;;;;;;;;;;;;;;;;;
;;;;;;;;;;;;;;;;;;;;;;;;;;;;;;;;;;;;;;;;;;;;;;;;;;;;;;;;;;;;;;;;;
;;;;;;;;;;;;;;;;;;;;;;;;;;;;;;;;;;;;;;;;;;;;;;;;;;;;;;;;;;;;;;;;;
;;;;;;;;;;;;;;;;;;;;;;;;;;;;;;;;;;;;;;;;;;;;;;;;;;;;;;;;;;;;;;;;;
;;;;;;;;;;;;;;;;;;;;;;;;;;;;;;;;;;;;;;;;;;;;;;;;;;;;;;;;;;;;;;;;;
;;;;;;;;;;;;;;;;;;;;;;;;;;;;;;;;;;;;;;;;;;;;;;;;;;;;;;;;;;;;;;;;;
;;;;;;;;;;;;;;;;;;;;;;;;;;;;;;;;;;;;;;;;;;;;;;;;;;;;;;;;;;;;;;;;;
;;;;;;;;;;;;;;;;;;;;;;;;;;;;;;;;;;;;;;;;;;;;;;;;;;;;;;;;;;;;;;;;;
;;;;;;;;;;;;;;;;;;;;;;;;;;;;;;;;;;;;;;;;;;;;;;;;;;;;;;;;;;;;;;;;;
;;;;;;;;;;;;;;;;;;;;;;;;;;;;;;;;;;;;;;;;;;;;;;;;;;;;;;;;;;;;;;;;;
;;;;;;;;;;;;;;;;;;;;;;;;;;;;;;;;;;;;;;;;;;;;;;;;;;;;;;;;;;;;;;;;;
;;;;;;;;;;;;;;;;;;;;;;;;;;;;;;;;;;;;;;;;;;;;;;;;;;;;;;;;;;;;;;;;;
;;;;;;;;;;;;;;;;;;;;;;;;;;;;;;;;;;;;;;;;;;;;;;;;;;;;;;;;;;;;;;;;;
;;;;;;;;;;;;;;;;;;;;;;;;;;;;;;;;;;;;;;;;;;;;;;;;;;;;;;;;;;;;;;;;;
;;;;;;;;;;;;;;;;;;;;;;;;;;;;;;;;;;;;;;;;;;;;;;;;;;;;;;;;;;;;;;;;;
;;;;;;;;;;;;;;;;;;;;;;;;;;;;;;;;;;;;;;;;;;;;;;;;;;;;;;;;;;;;;;;;;
;;;;;;;;;;;;;;;;;;;;;;;;;;;;;;;;;;;;;;;;;;;;;;;;;;;;;;;;;;;;;;;;;
;;;;;;;;;;;;;;;;;;;;;;;;;;;;;;;;;;;;;;;;;;;;;;;;;;;;;;;;;;;;;;;;;
;;;;;;;;;;;;;;;;;;;;;;;;;;;;;;;;;;;;;;;;;;;;;;;;;;;;;;;;;;;;;;;;;
;;;;;;;;;;;;;;;;;;;;;;;;;;;;;;;;;;;;;;;;;;;;;;;;;;;;;;;;;;;;;;;;;
;;;;;;;;;;;;;;;;;;;;;;;;;;;;;;;;;;;;;;;;;;;;;;;;;;;;;;;;;;;;;;;;;
;;;;;;;;;;;;;;;;;;;;;;;;;;;;;;;;;;;;;;;;;;;;;;;;;;;;;;;;;;;;;;;;;
;;;;;;;;;;;;;;;;;;;;;;;;;;;;;;;;;;;;;;;;;;;;;;;;;;;;;;;;;;;;;;;;;
;;;;;;;;;;;;;;;;;;;;;;;;;;;;;;;;;;;;;;;;;;;;;;;;;;;;;;;;;;;;;;;;;
;;;;;;;;;;;;;;;;;;;;;;;;;;;;;;;;;;;;;;;;;;;;;;;;;;;;;;;;;;;;;;;;;
;;;;;;;;;;;;;;;;;;;;;;;;;;;;;;;;;;;;;;;;;;;;;;;;;;;;;;;;;;;;;;;;;
;;;;;;;;;;;;;;;;;;;;;;;;;;;;;;;;;;;;;;;;;;;;;;;;;;;;;;;;;;;;;;;;;
;;;;;;;;;;;;;;;;;;;;;;;;;;;;;;;;;;;;;;;;;;;;;;;;;;;;;;;;;;;;;;;;;
;;;;;;;;;;;;;;;;;;;;;;;;;;;;;;;;;;;;;;;;;;;;;;;;;;;;;;;;;;;;;;;;;
;;;;;;;;;;;;;;;;;;;;;;;;;;;;;;;;;;;;;;;;;;;;;;;;;;;;;;;;;;;;;;;;;
;;;;;;;;;;;;;;;;;;;;;;;;;;;;;;;;;;;;;;;;;;;;;;;;;;;;;;;;;;;;;;;;;
;;;;;;;;;;;;;;;;;;;;;;;;;;;;;;;;;;;;;;;;;;;;;;;;;;;;;;;;;;;;;;;;;
;;;;;;;;;;;;;;;;;;;;;;;;;;;;;;;;;;;;;;;;;;;;;;;;;;;;;;;;;;;;;;;;;
;;;;;;;;;;;;;;;;;;;;;;;;;;;;;;;;;;;;;;;;;;;;;;;;;;;;;;;;;;;;;;;;;
;;;;;;;;;;;;;;;;;;;;;;;;;;;;;;;;;;;;;;;;;;;;;;;;;;;;;;;;;;;;;;;;;
;;;;;;;;;;;;;;;;;;;;;;;;;;;;;;;;;;;;;;;;;;;;;;;;;;;;;;;;;;;;;;;;;
;;;;;;;;;;;;;;;;;;;;;;;;;;;;;;;;;;;;;;;;;;;;;;;;;;;;;;;;;;;;;;;;;
;;;;;;;;;;;;;;;;;;;;;;;;;;;;;;;;;;;;;;;;;;;;;;;;;;;;;;;;;;;;;;;;;
;;;;;;;;;;;;;;;;;;;;;;;;;;;;;;;;;;;;;;;;;;;;;;;;;;;;;;;;;;;;;;;;;
;;;;;;;;;;;;;;;;;;;;;;;;;;;;;;;;;;;;;;;;;;;;;;;;;;;;;;;;;;;;;;;;;
;;;;;;;;;;;;;;;;;;;;;;;;;;;;;;;;;;;;;;;;;;;;;;;;;;;;;;;;;;;;;;;;;
;;;;;;;;;;;;;;;;;;;;;;;;;;;;;;;;;;;;;;;;;;;;;;;;;;;;;;;;;;;;;;;;;
;;;;;;;;;;;;;;;;;;;;;;;;;;;;;;;;;;;;;;;;;;;;;;;;;;;;;;;;;;;;;;;;;
;;;;;;;;;;;;;;;;;;;;;;;;;;;;;;;;;;;;;;;;;;;;;;;;;;;;;;;;;;;;;;;;;
;;;;;;;;;;;;;;;;;;;;;;;;;;;;;;;;;;;;;;;;;;;;;;;;;;;;;;;;;;;;;;;;;
;;;;;;;;;;;;;;;;;;;;;;;;;;;;;;;;;;;;;;;;;;;;;;;;;;;;;;;;;;;;;;;;;
;;;;;;;;;;;;;;;;;;;;;;;;;;;;;;;;;;;;;;;;;;;;;;;;;;;;;;;;;;;;;;;;;
;;;;;;;;;;;;;;;;;;;;;;;;;;;;;;;;;;;;;;;;;;;;;;;;;;;;;;;;;;;;;;;;;
;;;;;;;;;;;;;;;;;;;;;;;;;;;;;;;;;;;;;;;;;;;;;;;;;;;;;;;;;;;;;;;;;
;;;;;;;;;;;;;;;;;;;;;;;;;;;;;;;;;;;;;;;;;;;;;;;;;;;;;;;;;;;;;;;;;
;;;;;;;;;;;;;;;;;;;;;;;;;;;;;;;;;;;;;;;;;;;;;;;;;;;;;;;;;;;;;;;;;
;;;;;;;;;;;;;;;;;;;;;;;;;;;;;;;;;;;;;;;;;;;;;;;;;;;;;;;;;;;;;;;;;
;;;;;;;;;;;;;;;;;;;;;;;;;;;;;;;;;;;;;;;;;;;;;;;;;;;;;;;;;;;;;;;;;
;;;;;;;;;;;;;;;;;;;;;;;;;;;;;;;;;;;;;;;;;;;;;;;;;;;;;;;;;;;;;;;;;
;;;;;;;;;;;;;;;;;;;;;;;;;;;;;;;;;;;;;;;;;;;;;;;;;;;;;;;;;;;;;;;;;
;;;;;;;;;;;;;;;;;;;;;;;;;;;;;;;;;;;;;;;;;;;;;;;;;;;;;;;;;;;;;;;;;
;;;;;;;;;;;;;;;;;;;;;;;;;;;;;;;;;;;;;;;;;;;;;;;;;;;;;;;;;;;;;;;;;
;;;;;;;;;;;;;;;;;;;;;;;;;;;;;;;;;;;;;;;;;;;;;;;;;;;;;;;;;;;;;;;;;
;;;;;;;;;;;;;;;;;;;;;;;;;;;;;;;;;;;;;;;;;;;;;;;;;;;;;;;;;;;;;;;;;
;;;;;;;;;;;;;;;;;;;;;;;;;;;;;;;;;;;;;;;;;;;;;;;;;;;;;;;;;;;;;;;;;
;;;;;;;;;;;;;;;;;;;;;;;;;;;;;;;;;;;;;;;;;;;;;;;;;;;;;;;;;;;;;;;;;
;;;;;;;;;;;;;;;;;;;;;;;;;;;;;;;;;;;;;;;;;;;;;;;;;;;;;;;;;;;;;;;;;
;;;;;;;;;;;;;;;;;;;;;;;;;;;;;;;;;;;;;;;;;;;;;;;;;;;;;;;;;;;;;;;;;
;;;;;;;;;;;;;;;;;;;;;;;;;;;;;;;;;;;;;;;;;;;;;;;;;;;;;;;;;;;;;;;;;
;;;;;;;;;;;;;;;;;;;;;;;;;;;;;;;;;;;;;;;;;;;;;;;;;;;;;;;;;;;;;;;;;
;;;;;;;;;;;;;;;;;;;;;;;;;;;;;;;;;;;;;;;;;;;;;;;;;;;;;;;;;;;;;;;;;
;;;;;;;;;;;;;;;;;;;;;;;;;;;;;;;;;;;;;;;;;;;;;;;;;;;;;;;;;;;;;;;;;
;;;;;;;;;;;;;;;;;;;;;;;;;;;;;;;;;;;;;;;;;;;;;;;;;;;;;;;;;;;;;;;;;
;;;;;;;;;;;;;;;;;;;;;;;;;;;;;;;;;;;;;;;;;;;;;;;;;;;;;;;;;;;;;;;;;
;;;;;;;;;;;;;;;;;;;;;;;;;;;;;;;;;;;;;;;;;;;;;;;;;;;;;;;;;;;;;;;;;
;;;;;;;;;;;;;;;;;;;;;;;;;;;;;;;;;;;;;;;;;;;;;;;;;;;;;;;;;;;;;;;;;
;;;;;;;;;;;;;;;;;;;;;;;;;;;;;;;;;;;;;;;;;;;;;;;;;;;;;;;;;;;;;;;;;
;;;;;;;;;;;;;;;;;;;;;;;;;;;;;;;;;;;;;;;;;;;;;;;;;;;;;;;;;;;;;;;;;
;;;;;;;;;;;;;;;;;;;;;;;;;;;;;;;;;;;;;;;;;;;;;;;;;;;;;;;;;;;;;;;;;
;;;;;;;;;;;;;;;;;;;;;;;;;;;;;;;;;;;;;;;;;;;;;;;;;;;;;;;;;;;;;;;;;
;;;;;;;;;;;;;;;;;;;;;;;;;;;;;;;;;;;;;;;;;;;;;;;;;;;;;;;;;;;;;;;;;
;;;;;;;;;;;;;;;;;;;;;;;;;;;;;;;;;;;;;;;;;;;;;;;;;;;;;;;;;;;;;;;;;
;;;;;;;;;;;;;;;;;;;;;;;;;;;;;;;;;;;;;;;;;;;;;;;;;;;;;;;;;;;;;;;;;
;;;;;;;;;;;;;;;;;;;;;;;;;;;;;;;;;;;;;;;;;;;;;;;;;;;;;;;;;;;;;;;;;
;;;;;;;;;;;;;;;;;;;;;;;;;;;;;;;;;;;;;;;;;;;;;;;;;;;;;;;;;;;;;;;;;
;;;;;;;;;;;;;;;;;;;;;;;;;;;;;;;;;;;;;;;;;;;;;;;;;;;;;;;;;;;;;;;;;
;;;;;;;;;;;;;;;;;;;;;;;;;;;;;;;;;;;;;;;;;;;;;;;;;;;;;;;;;;;;;;;;;
;;;;;;;;;;;;;;;;;;;;;;;;;;;;;;;;;;;;;;;;;;;;;;;;;;;;;;;;;;;;;;;;;
